{"tracks":[{"album":{"album_type":"single","artists":[{"external_urls":{"spotify":"https://open.spotify.com/artist/3bWIy9AUrQdiNeS62Bp3OP"},"href":"https://api.spotify.com/v1/artists/3bWIy9AUrQdiNeS62Bp3OP","id":"3bWIy9AUrQdiNeS62Bp3OP","name":"Shae Gill","type":"artist","uri":"spotify:artist:3bWIy9AUrQdiNeS62Bp3OP"},{"external_urls":{"spotify":"https://open.spotify.com/artist/3NegWDGp038A3FIi3gSYzl"},"href":"https://api.spotify.com/v1/artists/3NegWDGp038A3FIi3gSYzl","id":"3NegWDGp038A3FIi3gSYzl","name":"Ali Sethi","type":"artist","uri":"spotify:artist:3NegWDGp038A3FIi3gSYzl"}],"available_markets":["AD","AE","AG","AL","AM","AO","AR","AT","AU","AZ","BA","BB","BD","BE","BF","BG","BH","BI","BJ","BN","BO","BR","BS","BT","BW","BY","BZ","CA","CD","CG","CH","CI","CL","CM","CO","CR","CV","CW","CY","CZ","DE","DJ","DK","DM","DO","DZ","EC","EE","EG","ES","FI","FJ","FM","FR","GA","GB","GD","GE","GH","GM","GN","GQ","GR","GT","GW","GY","HK","HN","HR","HT","HU","ID","IE","IL","IN","IQ","IS","IT","JM","JO","JP","KE","KG","KH","KI","KM","KN","KR","KW","KZ","LA","LB","LC","LI","LK","LR","LS","LT","LU","LV","LY","MA","MC","MD","ME","MG","MH","MK","ML","MN","MO","MR","MT","MU","MV","MW","MX","MY","MZ","NA","NE","NG","NI","NL","NO","NP","NR","NZ","OM","PA","PE","PG","PH","PK","PL","PS","PT","PW","PY","QA","RO","RS","RW","SA","SB","SC","SE","SG","SI","SK","SL","SM","SN","SR","ST","SV","SZ","TD","TG","TH","TJ","TL","TN","TO","TR","TT","TV","TW","TZ","UA","UG","US","UY","UZ","VC","VE","VN","VU","WS","XK","ZA","ZM","ZW"],"external_urls":{"spotify":"https://open.spotify.com/album/7wgrW5XyZdtk0K8PkW5A7h"},"href":"https://api.spotify.com/v1/albums/7wgrW5XyZdtk0K8PkW5A7h","id":"7wgrW5XyZdtk0K8PkW5A7h","images":[{"height":640,"url":"https://i.scdn.co/image/ab67616d0000b2733f3d35703bdcd917dad51c4f","width":640},{"height":300,"url":"https://i.scdn.co/image/ab67616d00001e023f3d35703bdcd917dad51c4f","width":300},{"height":64,"url":"https://i.scdn.co/image/ab67616d000048513f3d35703bdcd917dad51c4f","width":64}],"name":"Pasoori","release_date":"2022-02-06","release_date_precision":"day","total_tracks":1,"type":"album","uri":"spotify:album:7wgrW5XyZdtk0K8PkW5A7h"},"artists":[{"external_urls":{"spotify":"https://open.spotify.com/artist/3bWIy9AUrQdiNeS62Bp3OP"},"href":"https://api.spotify.com/v1/artists/3bWIy9AUrQdiNeS62Bp3OP","id":"3bWIy9AUrQdiNeS62Bp3OP","name":"Shae Gill","type":"artist","uri":"spotify:artist:3bWIy9AUrQdiNeS62Bp3OP"},{"external_urls":{"spotify":"https://open.spotify.com/artist/3NegWDGp038A3FIi3gSYzl"},"href":"https://api.spotify.com/v1/artists/3NegWDGp038A3FIi3gSYzl","id":"3NegWDGp038A3FIi3gSYzl","name":"Ali Sethi","type":"artist","uri":"spotify:artist:3NegWDGp038A3FIi3gSYzl"}],"available_markets":["AD","AE","AG","AL","AM","AO","AR","AT","AU","AZ","BA","BB","BD","BE","BF","BG","BH","BI","BJ","BN","BO","BR","BS","BT","BW","BY","BZ","CA","CD","CG","CH","CI","CL","CM","CO","CR","CV","CW","CY","CZ","DE","DJ","DK","DM","DO","DZ","EC","EE","EG","ES","FI","FJ","FM","FR","GA","GB","GD","GE","GH","GM","GN","GQ","GR","GT","GW","GY","HK","HN","HR","HT","HU","ID","IE","IL","IN","IQ","IS","IT","JM","JO","JP","KE","KG","KH","KI","KM","KN","KR","KW","KZ","LA","LB","LC","LI","LK","LR","LS","LT","LU","LV","LY","MA","MC","MD","ME","MG","MH","MK","ML","MN","MO","MR","MT","MU","MV","MW","MX","MY","MZ","NA","NE","NG","NI","NL","NO","NP","NR","NZ","OM","PA","PE","PG","PH","PK","PL","PS","PT","PW","PY","QA","RO","RS","RW","SA","SB","SC","SE","SG","SI","SK","SL","SM","SN","SR","ST","SV","SZ","TD","TG","TH","TJ","TL","TN","TO","TR","TT","TV","TW","TZ","UA","UG","US","UY","UZ","VC","VE","VN","VU","WS","XK","ZA","ZM","ZW"],"disc_number":1,"duration_ms":224146,"episode":false,"explicit":false,"external_ids":{"isrc":"FR10S2289473"},"external_urls":{"spotify":"https://open.spotify.com/track/7lvDsmTRXFE3dK4OjvRiWB"},"href":"https://api.spotify.com/v1/tracks/7lvDsmTRXFE3dK4OjvRiWB","id":"7lvDsmTRXFE3dK4OjvRiWB","is_local":false,"name":"Pasoori","popularity":84,"preview_url":"https://p.scdn.co/mp3-preview/88c67d6fadc0971cd8884b3f28d508723de9fa54?cid=173c21938ff54c0c9f34efc43ec6fde7","track":true,"track_number":1,"type":"track","uri":"spotify:track:7lvDsmTRXFE3dK4OjvRiWB"},{"album":{"album_type":"album","artists":[{"external_urls":{"spotify":"https://open.spotify.com/artist/6eUKZXaKkcviH0Ku9w2n3V"},"href":"https://api.spotify.com/v1/artists/6eUKZXaKkcviH0Ku9w2n3V","id":"6eUKZXaKkcviH0Ku9w2n3V","name":"Ed Sheeran","type":"artist","uri":"spotify:artist:6eUKZXaKkcviH0Ku9w2n3V"}],"available_markets":["AD","AE","AG","AL","AM","AO","AR","AT","AU","AZ","BA","BB","BD","BE","BF","BG","BH","BI","BJ","BN","BO","BR","BS","BT","BW","BY","BZ","CA","CD","CG","CH","CI","CL","CM","CO","CR","CV","CW","CY","CZ","DE","DJ","DK","DM","DO","DZ","EC","EE","EG","ES","FI","FJ","FM","FR","GA","GB","GD","GE","GH","GM","GN","GQ","GR","GT","GW","GY","HK","HN","HR","HT","HU","ID","IE","IL","IN","IQ","IS","IT","JM","JO","JP","KE","KG","KH","KI","KM","KN","KR","KW","KZ","LA","LB","LC","LI","LK","LR","LS","LT","LU","LV","LY","MA","MC","MD","ME","MG","MH","MK","ML","MN","MO","MR","MT","MU","MV","MW","MX","MY","MZ","NA","NE","NG","NI","NL","NO","NP","NR","NZ","OM","PA","PE","PG","PH","PK","PL","PS","PT","PW","PY","QA","RO","RS","RW","SA","SB","SC","SE","SG","SI","SK","SL","SM","SN","SR","ST","SV","SZ","TD","TG","TH","TJ","TL","TN","TO","TR","TT","TV","TW","TZ","UA","UG","US","UY","UZ","VC","VE","VN","VU","WS","XK","ZA","ZM","ZW"],"external_urls":{"spotify":"https://open.spotify.com/album/32iAEBstCjauDhyKpGjTuq"},"href":"https://api.spotify.com/v1/albums/32iAEBstCjauDhyKpGjTuq","id":"32iAEBstCjauDhyKpGjTuq","images":[{"height":640,"url":"https://i.scdn.co/image/ab67616d0000b273ef24c3fdbf856340d55cfeb2","width":640},{"height":300,"url":"https://i.scdn.co/image/ab67616d00001e02ef24c3fdbf856340d55cfeb2","width":300},{"height":64,"url":"https://i.scdn.co/image/ab67616d00004851ef24c3fdbf856340d55cfeb2","width":64}],"name":"=","release_date":"2021-10-29","release_date_precision":"day","total_tracks":14,"type":"album","uri":"spotify:album:32iAEBstCjauDhyKpGjTuq"},"artists":[{"external_urls":{"spotify":"https://open.spotify.com/artist/6eUKZXaKkcviH0Ku9w2n3V"},"href":"https://api.spotify.com/v1/artists/6eUKZXaKkcviH0Ku9w2n3V","id":"6eUKZXaKkcviH0Ku9w2n3V","name":"Ed Sheeran","type":"artist","uri":"spotify:artist:6eUKZXaKkcviH0Ku9w2n3V"}],"available_markets":["AD","AE","AG","AL","AM","AO","AR","AT","AU","AZ","BA","BB","BD","BE","BF","BG","BH","BI","BJ","BN","BO","BR","BS","BT","BW","BY","BZ","CA","CD","CG","CH","CI","CL","CM","CO","CR","CV","CW","CY","CZ","DE","DJ","DK","DM","DO","DZ","EC","EE","EG","ES","FI","FJ","FM","FR","GA","GB","GD","GE","GH","GM","GN","GQ","GR","GT","GW","GY","HK","HN","HR","HT","HU","ID","IE","IL","IN","IQ","IS","IT","JM","JO","JP","KE","KG","KH","KI","KM","KN","KR","KW","KZ","LA","LB","LC","LI","LK","LR","LS","LT","LU","LV","LY","MA","MC","MD","ME","MG","MH","MK","ML","MN","MO","MR","MT","MU","MV","MW","MX","MY","MZ","NA","NE","NG","NI","NL","NO","NP","NR","NZ","OM","PA","PE","PG","PH","PK","PL","PS","PT","PW","PY","QA","RO","RS","RW","SA","SB","SC","SE","SG","SI","SK","SL","SM","SN","SR","ST","SV","SZ","TD","TG","TH","TJ","TL","TN","TO","TR","TT","TV","TW","TZ","UA","UG","US","UY","UZ","VC","VE","VN","VU","WS","XK","ZA","ZM","ZW"],"disc_number":1,"duration_ms":207853,"episode":false,"explicit":false,"external_ids":{"isrc":"GBAHS2100671"},"external_urls":{"spotify":"https://open.spotify.com/track/50nfwKoDiSYg8zOCREWAm5"},"href":"https://api.spotify.com/v1/tracks/50nfwKoDiSYg8zOCREWAm5","id":"50nfwKoDiSYg8zOCREWAm5","is_local":false,"name":"Shivers","popularity":90,"preview_url":"https://p.scdn.co/mp3-preview/172691039b5878c61caa8079515b16b6ee91dcc9?cid=173c21938ff54c0c9f34efc43ec6fde7","track":true,"track_number":2,"type":"track","uri":"spotify:track:50nfwKoDiSYg8zOCREWAm5"},{"album":{"album_type":"single","artists":[{"external_urls":{"spotify":"https://open.spotify.com/artist/5K4W6rqBFWDnAN6FQUkS6x"},"href":"https://api.spotify.com/v1/artists/5K4W6rqBFWDnAN6FQUkS6x","id":"5K4W6rqBFWDnAN6FQUkS6x","name":"Kanye West","type":"artist","uri":"spotify:artist:5K4W6rqBFWDnAN6FQUkS6x"},{"external_urls":{"spotify":"https://open.spotify.com/artist/15UsOTVnJzReFVN1VCnxy4"},"href":"https://api.spotify.com/v1/artists/15UsOTVnJzReFVN1VCnxy4","id":"15UsOTVnJzReFVN1VCnxy4","name":"XXXTENTACION","type":"artist","uri":"spotify:artist:15UsOTVnJzReFVN1VCnxy4"}],"available_markets":["AD","AE","AG","AL","AM","AO","AR","AT","AU","AZ","BA","BB","BD","BE","BF","BG","BH","BI","BJ","BN","BO","BR","BS","BT","BW","BY","BZ","CA","CD","CG","CH","CI","CL","CM","CO","CR","CV","CW","CY","CZ","DE","DJ","DK","DM","DO","DZ","EC","EE","EG","ES","FI","FJ","FM","FR","GA","GB","GD","GE","GH","GM","GN","GQ","GR","GT","GW","GY","HK","HN","HR","HT","HU","ID","IE","IL","IN","IQ","IS","IT","JM","JO","JP","KE","KG","KH","KI","KM","KN","KR","KW","KZ","LA","LB","LC","LI","LK","LR","LS","LT","LU","LV","LY","MA","MC","MD","ME","MG","MH","MK","ML","MN","MO","MR","MT","MU","MV","MW","MX","MY","MZ","NA","NE","NG","NI","NL","NO","NP","NR","NZ","OM","PA","PE","PG","PH","PK","PL","PS","PT","PW","PY","QA","RO","RS","RW","SA","SB","SC","SG","SI","SK","SL","SM","SN","SR","ST","SV","SZ","TD","TG","TH","TJ","TL","TN","TO","TR","TT","TV","TW","TZ","UA","UG","US","UY","UZ","VC","VE","VN","VU","WS","XK","ZA","ZM","ZW"],"external_urls":{"spotify":"https://open.spotify.com/album/1YA0gAfV91LkDq1DODSCbc"},"href":"https://api.spotify.com/v1/albums/1YA0gAfV91LkDq1DODSCbc","id":"1YA0gAfV91LkDq1DODSCbc","images":[{"height":640,"url":"https://i.scdn.co/image/ab67616d0000b273f52f6a4706fea3bde44467c3","width":640},{"height":300,"url":"https://i.scdn.co/image/ab67616d00001e02f52f6a4706fea3bde44467c3","width":300},{"height":64,"url":"https://i.scdn.co/image/ab67616d00004851f52f6a4706fea3bde44467c3","width":64}],"name":"True Love","release_date":"2022-05-27","release_date_precision":"day","total_tracks":1,"type":"album","uri":"spotify:album:1YA0gAfV91LkDq1DODSCbc"},"artists":[{"external_urls":{"spotify":"https://open.spotify.com/artist/5K4W6rqBFWDnAN6FQUkS6x"},"href":"https://api.spotify.com/v1/artists/5K4W6rqBFWDnAN6FQUkS6x","id":"5K4W6rqBFWDnAN6FQUkS6x","name":"Kanye West","type":"artist","uri":"spotify:artist:5K4W6rqBFWDnAN6FQUkS6x"},{"external_urls":{"spotify":"https://open.spotify.com/artist/15UsOTVnJzReFVN1VCnxy4"},"href":"https://api.spotify.com/v1/artists/15UsOTVnJzReFVN1VCnxy4","id":"15UsOTVnJzReFVN1VCnxy4","name":"XXXTENTACION","type":"artist","uri":"spotify:artist:15UsOTVnJzReFVN1VCnxy4"}],"available_markets":["AD","AE","AG","AL","AM","AO","AR","AT","AU","AZ","BA","BB","BD","BE","BF","BG","BH","BI","BJ","BN","BO","BR","BS","BT","BW","BY","BZ","CA","CD","CG","CH","CI","CL","CM","CO","CR","CV","CW","CY","CZ","DE","DJ","DK","DM","DO","DZ","EC","EE","EG","ES","FI","FJ","FM","FR","GA","GB","GD","GE","GH","GM","GN","GQ","GR","GT","GW","GY","HK","HN","HR","HT","HU","ID","IE","IL","IN","IQ","IS","IT","JM","JO","JP","KE","KG","KH","KI","KM","KN","KR","KW","KZ","LA","LB","LC","LI","LK","LR","LS","LT","LU","LV","LY","MA","MC","MD","ME","MG","MH","MK","ML","MN","MO","MR","MT","MU","MV","MW","MX","MY","MZ","NA","NE","NG","NI","NL","NO","NP","NR","NZ","OM","PA","PE","PG","PH","PK","PL","PS","PT","PW","PY","QA","RO","RS","RW","SA","SB","SC","SG","SI","SK","SL","SM","SN","SR","ST","SV","SZ","TD","TG","TH","TJ","TL","TN","TO","TR","TT","TV","TW","TZ","UA","UG","US","UY","UZ","VC","VE","VN","VU","WS","XK","ZA","ZM","ZW"],"disc_number":1,"duration_ms":148571,"episode":false,"explicit":false,"external_ids":{"isrc":"USQX92202485"},"external_urls":{"spotify":"https://open.spotify.com/track/06JvOZ39sK8D8SqiqfaxDU"},"href":"https://api.spotify.com/v1/tracks/06JvOZ39sK8D8SqiqfaxDU","id":"06JvOZ39sK8D8SqiqfaxDU","is_local":false,"name":"True Love","popularity":86,"preview_url":"https://p.scdn.co/mp3-preview/b81f04734d74dc70083487e147248d720378a77d?cid=173c21938ff54c0c9f34efc43ec6fde7","track":true,"track_number":1,"type":"track","uri":"spotify:track:06JvOZ39sK8D8SqiqfaxDU"},{"album":{"album_type":"single","artists":[{"external_urls":{"spotify":"https://open.spotify.com/artist/7f5Zgnp2spUuuzKplmRkt7"},"href":"https://api.spotify.com/v1/artists/7f5Zgnp2spUuuzKplmRkt7","id":"7f5Zgnp2spUuuzKplmRkt7","name":"Lost Frequencies","type":"artist","uri":"spotify:artist:7f5Zgnp2spUuuzKplmRkt7"},{"external_urls":{"spotify":"https://open.spotify.com/artist/6ydoSd3N2mwgwBHtF6K7eX"},"href":"https://api.spotify.com/v1/artists/6ydoSd3N2mwgwBHtF6K7eX","id":"6ydoSd3N2mwgwBHtF6K7eX","name":"Calum Scott","type":"artist","uri":"spotify:artist:6ydoSd3N2mwgwBHtF6K7eX"}],"available_markets":["AD","AE","AG","AL","AM","AO","AR","AT","AU","AZ","BA","BB","BD","BE","BF","BG","BH","BI","BJ","BN","BO","BR","BS","BT","BW","BY","BZ","CA","CD","CG","CH","CI","CL","CM","CO","CR","CV","CW","CY","CZ","DE","DJ","DK","DM","DO","DZ","EC","EE","EG","ES","FI","FJ","FM","FR","GA","GB","GD","GE","GH","GM","GN","GQ","GR","GT","GW","GY","HK","HN","HR","HT","HU","ID","IE","IL","IN","IQ","IS","IT","JM","JO","JP","KE","KG","KH","KI","KM","KN","KR","KW","KZ","LA","LB","LC","LI","LK","LR","LS","LT","LU","LV","LY","MA","MC","MD","ME","MG","MH","MK","ML","MN","MO","MR","MT","MU","MV","MW","MX","MY","MZ","NA","NE","NG","NI","NL","NO","NP","NR","NZ","OM","PA","PE","PG","PH","PK","PL","PS","PT","PW","PY","QA","RO","RS","RW","SA","SB","SC","SE","SG","SI","SK","SL","SM","SN","SR","ST","SV","SZ","TD","TG","TH","TJ","TL","TN","TO","TR","TT","TV","TW","TZ","UA","UG","US","UY","UZ","VC","VE","VN","VU","WS","XK","ZA","ZM","ZW"],"external_urls":{"spotify":"https://open.spotify.com/album/5YrOK7zze6egKg9a8WRcnD"},"href":"https://api.spotify.com/v1/albums/5YrOK7zze6egKg9a8WRcnD","id":"5YrOK7zze6egKg9a8WRcnD","images":[{"height":640,"url":"https://i.scdn.co/image/ab67616d0000b2738d7a7f1855b04104ba59c18b","width":640},{"height":300,"url":"https://i.scdn.co/image/ab67616d00001e028d7a7f1855b04104ba59c18b","width":300},{"height":64,"url":"https://i.scdn.co/image/ab67616d000048518d7a7f1855b04104ba59c18b","width":64}],"name":"Where Are You Now","release_date":"2021-07-30","release_date_precision":"day","total_tracks":1,"type":"album","uri":"spotify:album:5YrOK7zze6egKg9a8WRcnD"},"artists":[{"external_urls":{"spotify":"https://open.spotify.com/artist/7f5Zgnp2spUuuzKplmRkt7"},"href":"https://api.spotify.com/v1/artists/7f5Zgnp2spUuuzKplmRkt7","id":"7f5Zgnp2spUuuzKplmRkt7","name":"Lost Frequencies","type":"artist","uri":"spotify:artist:7f5Zgnp2spUuuzKplmRkt7"},{"external_urls":{"spotify":"https://open.spotify.com/artist/6ydoSd3N2mwgwBHtF6K7eX"},"href":"https://api.spotify.com/v1/artists/6ydoSd3N2mwgwBHtF6K7eX","id":"6ydoSd3N2mwgwBHtF6K7eX","name":"Calum Scott","type":"artist","uri":"spotify:artist:6ydoSd3N2mwgwBHtF6K7eX"}],"available_markets":["AD","AE","AG","AL","AM","AO","AR","AT","AU","AZ","BA","BB","BD","BE","BF","BG","BH","BI","BJ","BN","BO","BR","BS","BT","BW","BY","BZ","CA","CD","CG","CH","CI","CL","CM","CO","CR","CV","CW","CY","CZ","DE","DJ","DK","DM","DO","DZ","EC","EE","EG","ES","FI","FJ","FM","FR","GA","GB","GD","GE","GH","GM","GN","GQ","GR","GT","GW","GY","HK","HN","HR","HT","HU","ID","IE","IL","IN","IQ","IS","IT","JM","JO","JP","KE","KG","KH","KI","KM","KN","KR","KW","KZ","LA","LB","LC","LI","LK","LR","LS","LT","LU","LV","LY","MA","MC","MD","ME","MG","MH","MK","ML","MN","MO","MR","MT","MU","MV","MW","MX","MY","MZ","NA","NE","NG","NI","NL","NO","NP","NR","NZ","OM","PA","PE","PG","PH","PK","PL","PS","PT","PW","PY","QA","RO","RS","RW","SA","SB","SC","SE","SG","SI","SK","SL","SM","SN","SR","ST","SV","SZ","TD","TG","TH","TJ","TL","TN","TO","TR","TT","TV","TW","TZ","UA","UG","US","UY","UZ","VC","VE","VN","VU","WS","XK","ZA","ZM","ZW"],"disc_number":1,"duration_ms":148197,"episode":false,"explicit":false,"external_ids":{"isrc":"BEHP42100067"},"external_urls":{"spotify":"https://open.spotify.com/track/3uUuGVFu1V7jTQL60S1r8z"},"href":"https://api.spotify.com/v1/tracks/3uUuGVFu1V7jTQL60S1r8z","id":"3uUuGVFu1V7jTQL60S1r8z","is_local":false,"name":"Where Are You Now","popularity":91,"preview_url":"https://p.scdn.co/mp3-preview/822c97661e9d8a4cdbc9bebf8b414b95d982ee81?cid=173c21938ff54c0c9f34efc43ec6fde7","track":true,"track_number":1,"type":"track","uri":"spotify:track:3uUuGVFu1V7jTQL60S1r8z"},{"album":{"album_type":"single","artists":[{"external_urls":{"spotify":"https://open.spotify.com/artist/7CajNmpbOovFoOoasH2HaY"},"href":"https://api.spotify.com/v1/artists/7CajNmpbOovFoOoasH2HaY","id":"7CajNmpbOovFoOoasH2HaY","name":"Calvin Harris","type":"artist","uri":"spotify:artist:7CajNmpbOovFoOoasH2HaY"},{"external_urls":{"spotify":"https://open.spotify.com/artist/6M2wZ9GZgrQXHCFfjv46we"},"href":"https://api.spotify.com/v1/artists/6M2wZ9GZgrQXHCFfjv46we","id":"6M2wZ9GZgrQXHCFfjv46we","name":"Dua Lipa","type":"artist","uri":"spotify:artist:6M2wZ9GZgrQXHCFfjv46we"},{"external_urls":{"spotify":"https://open.spotify.com/artist/50co4Is1HCEo8bhOyUWKpn"},"href":"https://api.spotify.com/v1/artists/50co4Is1HCEo8bhOyUWKpn","id":"50co4Is1HCEo8bhOyUWKpn","name":"Young Thug","type":"artist","uri":"spotify:artist:50co4Is1HCEo8bhOyUWKpn"}],"available_markets":["AD","AE","AG","AL","AM","AO","AR","AT","AU","AZ","BA","BB","BD","BE","BF","BG","BH","BI","BJ","BN","BO","BR","BS","BT","BW","BY","BZ","CA","CD","CG","CH","CI","CL","CM","CO","CR","CV","CW","CY","CZ","DE","DJ","DK","DM","DO","DZ","EC","EE","EG","ES","FI","FJ","FM","FR","GA","GB","GD","GE","GH","GM","GN","GQ","GR","GT","GW","GY","HK","HN","HR","HT","HU","ID","IE","IL","IN","IQ","IS","IT","JM","JO","JP","KE","KG","KH","KI","KM","KN","KR","KW","KZ","LA","LB","LC","LI","LK","LR","LS","LT","LU","LV","LY","MA","MC","MD","ME","MG","MH","MK","ML","MN","MO","MR","MT","MU","MV","MW","MX","MY","MZ","NA","NE","NG","NI","NL","NO","NP","NR","NZ","OM","PA","PE","PG","PH","PK","PL","PS","PT","PW","PY","QA","RO","RS","RW","SA","SB","SC","SE","SG","SI","SK","SL","SM","SN","SR","ST","SV","SZ","TD","TG","TH","TJ","TL","TN","TO","TR","TT","TV","TW","TZ","UA","UG","US","UY","UZ","VC","VE","VN","VU","WS","XK","ZA","ZM","ZW"],"external_urls":{"spotify":"https://open.spotify.com/album/1V6HksALLzO5ihpU3YVqJc"},"href":"https://api.spotify.com/v1/albums/1V6HksALLzO5ihpU3YVqJc","id":"1V6HksALLzO5ihpU3YVqJc","images":[{"height":640,"url":"https://i.scdn.co/image/ab67616d0000b273210dbb988be90592f4e0a4bd","width":640},{"height":300,"url":"https://i.scdn.co/image/ab67616d00001e02210dbb988be90592f4e0a4bd","width":300},{"height":64,"url":"https://i.scdn.co/image/ab67616d00004851210dbb988be90592f4e0a4bd","width":64}],"name":"Potion (with Dua Lipa & Young Thug)","release_date":"2022-05-27","release_date_precision":"day","total_tracks":1,"type":"album","uri":"spotify:album:1V6HksALLzO5ihpU3YVqJc"},"artists":[{"external_urls":{"spotify":"https://open.spotify.com/artist/7CajNmpbOovFoOoasH2HaY"},"href":"https://api.spotify.com/v1/artists/7CajNmpbOovFoOoasH2HaY","id":"7CajNmpbOovFoOoasH2HaY","name":"Calvin Harris","type":"artist","uri":"spotify:artist:7CajNmpbOovFoOoasH2HaY"},{"external_urls":{"spotify":"https://open.spotify.com/artist/6M2wZ9GZgrQXHCFfjv46we"},"href":"https://api.spotify.com/v1/artists/6M2wZ9GZgrQXHCFfjv46we","id":"6M2wZ9GZgrQXHCFfjv46we","name":"Dua Lipa","type":"artist","uri":"spotify:artist:6M2wZ9GZgrQXHCFfjv46we"},{"external_urls":{"spotify":"https://open.spotify.com/artist/50co4Is1HCEo8bhOyUWKpn"},"href":"https://api.spotify.com/v1/artists/50co4Is1HCEo8bhOyUWKpn","id":"50co4Is1HCEo8bhOyUWKpn","name":"Young Thug","type":"artist","uri":"spotify:artist:50co4Is1HCEo8bhOyUWKpn"}],"available_markets":["AD","AE","AG","AL","AM","AO","AR","AT","AU","AZ","BA","BB","BD","BE","BF","BG","BH","BI","BJ","BN","BO","BR","BS","BT","BW","BY","BZ","CA","CD","CG","CH","CI","CL","CM","CO","CR","CV","CW","CY","CZ","DE","DJ","DK","DM","DO","DZ","EC","EE","EG","ES","FI","FJ","FM","FR","GA","GB","GD","GE","GH","GM","GN","GQ","GR","GT","GW","GY","HK","HN","HR","HT","HU","ID","IE","IL","IN","IQ","IS","IT","JM","JO","JP","KE","KG","KH","KI","KM","KN","KR","KW","KZ","LA","LB","LC","LI","LK","LR","LS","LT","LU","LV","LY","MA","MC","MD","ME","MG","MH","MK","ML","MN","MO","MR","MT","MU","MV","MW","MX","MY","MZ","NA","NE","NG","NI","NL","NO","NP","NR","NZ","OM","PA","PE","PG","PH","PK","PL","PS","PT","PW","PY","QA","RO","RS","RW","SA","SB","SC","SE","SG","SI","SK","SL","SM","SN","SR","ST","SV","SZ","TD","TG","TH","TJ","TL","TN","TO","TR","TT","TV","TW","TZ","UA","UG","US","UY","UZ","VC","VE","VN","VU","WS","XK","ZA","ZM","ZW"],"disc_number":1,"duration_ms":214459,"episode":false,"explicit":true,"external_ids":{"isrc":"GBARL2201128"},"external_urls":{"spotify":"https://open.spotify.com/track/7fYRg3CEbk6rNCuzNzMT06"},"href":"https://api.spotify.com/v1/tracks/7fYRg3CEbk6rNCuzNzMT06","id":"7fYRg3CEbk6rNCuzNzMT06","is_local":false,"name":"Potion (with Dua Lipa & Young Thug)","popularity":86,"preview_url":"https://p.scdn.co/mp3-preview/92b611255a828c813f6af1885f4800d4ce3f8f7c?cid=173c21938ff54c0c9f34efc43ec6fde7","track":true,"track_number":1,"type":"track","uri":"spotify:track:7fYRg3CEbk6rNCuzNzMT06"}]}